aptem_id,learner,aptem_accepted_hours,old_schema_hours,ssot_hours,aptem_minus_old,aptem_minus_ssot,ssot_minus_old,aptem_evidence_rows,old_rows,ssot_rows
75,Rania Mohamed,349:39:00,156:31:04,347:58:45,193:07:56,01:40:15,191:27:41,78,379,272
652,Emma Ford,223:55:00,101:35:32,193:11:08,122:19:28,30:43:52,91:35:36,44,470,190
806,Kieran Smith,367:10:00,256:20:48,265:34:00,110:49:12,101:36:00,09:13:12,146,531,500
1268,James Clifford,45:19:00,272:24:35,44:49:51,-227:05:35,00:29:09,-227:34:44,31,977,176
1428,Tinotenda Marodza,393:10:00,200:40:01,350:43:55,192:29:59,42:26:05,150:03:54,72,523,97
1797,Kelly Davies,167:04:00,63:55:12,129:18:00,103:08:48,37:46:00,65:22:48,56,356,75
3274,Katherine Bedford,77:14:00,233:44:29,73:16:00,-156:30:29,03:58:00,-160:28:29,41,732,191
3487,Robert Bowen,536:00:00,314:28:08,491:08:50,221:31:52,44:51:10,176:40:42,38,1047,536
3598,Francesca Milton,512:01:00,276:48:09,499:20:02,235:12:51,12:40:58,222:31:53,51,730,889
4115,Emily Thornhill,409:45:00,288:02:47,212:48:07,121:42:13,196:56:53,-75:14:40,168,629,222
4407,Andrew Wright,146:27:00,326:49:56,142:35:57,-180:22:56,03:51:03,-184:13:59,78,747,158
5144,Edirisinghege Wimalaratne,329:42:00,267:37:46,321:31:01,62:04:14,08:10:59,53:53:15,178,626,366
6105,Eleanor Cross,96:37:00,182:11:31,86:39:01,-85:34:31,09:57:59,-95:32:30,39,463,144
6203,Hayley Nicholson,182:31:00,262:18:47,182:19:32,-79:47:47,00:11:28,-79:59:15,49,584,94
6240,Yuri Michaels,283:18:00,222:10:31,270:23:43,61:07:29,12:54:17,48:13:12,52,581,157
6254,Gulzhazira Suiessinova,291:51:00,223:14:56,284:51:00,68:36:04,07:00:00,61:36:04,60,545,60
6333,Ellis Smith,332:06:00,248:07:39,325:25:00,83:58:21,06:41:00,77:17:21,142,468,102
6378,Clowance Lawton,249:49:00,284:14:23,243:13:25,-34:25:23,06:35:35,-41:00:58,55,585,111
6436,Darren Roberts,329:47:00,254:27:17,324:47:00,75:19:43,05:00:00,70:19:43,75,489,78
6473,Holly Smith,303:01:00,239:54:17,270:49:03,63:06:43,32:11:57,30:54:46,66,488,65
6498,Connor Hickey,223:20:00,220:54:57,219:20:00,02:25:03,04:00:00,-01:34:57,59,485,58
8162,Maxine Budd,208:07:00,220:25:25,201:07:00,-12:18:25,07:00:00,-19:18:25,60,485,58
8530,Yasmin Pritchard,265:46:00,238:30:06,256:46:34,27:15:54,08:59:26,18:16:28,52,582,91
8580,Karin Jones,230:53:00,217:18:57,230:23:00,13:34:03,00:30:00,13:04:03,96,498,96
8635,Nathan Hogan,260:37:00,208:30:45,258:07:00,52:06:15,02:30:00,49:36:15,48,498,49
8861,Janet Alderman,106:32:00,205:10:10,103:31:03,-98:38:10,03:00:57,-101:39:07,46,452,186
8903,Agnes Becsei,351:11:00,255:14:13,350:41:00,95:56:47,00:30:00,95:26:47,79,498,80
10071,Emily Whyte,79:46:00,210:48:38,79:16:00,-131:02:38,00:30:00,-131:32:38,32,498,32
10208,Beatrice Piazza,295:29:00,204:53:48,253:29:21,90:35:12,41:59:39,48:35:33,52,623,161
10624,Adam Anson,160:50:00,20:50:00,86:02:50,140:00:00,74:47:10,65:12:50,9,19,93
14183,Christelle Welland,155:26:00,61:47:07,124:22:19,93:38:53,31:03:41,62:35:12,23,291,141
14235,Quinton Welland,167:39:00,56:20:02,166:13:23,111:18:58,01:25:37,109:53:21,25,290,126
15794,Francis Slobodian,50:30:00,62:30:03,46:36:34,-12:00:03,03:53:26,-15:53:29,18,291,25
15796,Aneta Taylor,57:30:00,61:02:47,46:38:00,-03:32:47,10:52:00,-14:24:47,16,291,23
16001,Eve Waite,167:51:00,65:55:28,144:09:39,101:55:32,23:41:21,78:14:11,48,272,65
16221,Ian Moore,116:24:00,56:17:49,96:30:41,60:06:11,19:53:19,40:12:52,65,464,95
16474,Sophie Lee,140:05:00,40:24:51,99:17:17,99:40:09,40:47:43,58:52:26,17,392,77
16476,Kimberley Gurney,120:44:00,53:27:50,115:44:00,67:16:10,05:00:00,62:16:10,35,403,207
16742,Davide Aimo,79:14:00,14:00:00,58:52:36,65:14:00,20:21:24,44:52:36,20,27,113
16749,Hasan Syed Mohammed Salam,74:20:00,43:45:48,63:55:00,30:34:12,10:25:00,20:09:12,13,393,76
17038,Stephen Handley,178:20:00,63:53:13,88:03:22,114:26:47,90:16:38,24:10:09,29,291,244
17045,Adam Graver,47:30:00,12:16:57,41:24:00,35:13:03,06:06:00,29:07:03,13,255,50
17129,Gemma Sellars,80:30:00,63:16:17,70:37:07,17:13:43,09:52:53,07:20:50,23,291,67
17254,Tom Lowes,159:13:00,44:25:53,133:46:19,114:47:07,25:26:41,89:20:26,18,393,215
17424,Leanne Howell,102:22:00,64:53:06,95:15:22,37:28:54,07:06:38,30:22:16,24,291,51
17429,Adrianna Mika,120:30:00,38:57:40,107:34:13,81:32:20,12:55:47,68:36:33,18,258,251
17753,Shelley Hart,147:56:00,33:46:44,114:13:05,114:09:16,33:42:55,80:26:21,38,390,103
17825,Isabella Francis,144:07:00,39:03:59,141:37:00,105:03:01,02:30:00,102:33:01,17,393,54
17922,Harry Myers,77:21:00,32:29:30,71:29:33,44:51:30,05:51:27,39:00:03,18,258,82
17930,Kimberley Hatch,184:41:00,56:06:21,182:11:00,128:34:39,02:30:00,126:04:39,29,393,289
18000,Rowan Aldhous,233:35:00,127:58:50,205:42:12,105:36:10,27:52:48,77:43:22,30,286,365
18587,Tayla Flynn,139:26:00,27:00:00,136:16:08,112:26:00,03:09:52,109:16:08,9,19,202
18756,Kenneth George,173:18:00,39:48:56,82:09:19,133:29:04,91:08:41,42:20:23,22,138,139
18962,Pareesa Tai,36:42:00,24:15:56,28:53:12,12:26:04,07:48:48,04:37:16,15,257,14
